trial,threads,n,num_bins,elapsed_sec,correct
1,1,67108864,256,1.234501,1
1,2,67108864,256,0.604274,1
1,4,67108864,256,0.302647,1
1,8,67108864,256,0.152260,1
1,16,67108864,256,0.077091,1
1,32,67108864,256,0.041570,1
1,64,67108864,256,0.039112,1
