trial,threads,n,num_bins,elapsed_sec,correct
1,1,67108864,16,1.498347,1
1,2,67108864,16,3.860959,1
1,4,67108864,16,5.142369,1
1,8,67108864,16,4.573329,1
1,16,67108864,16,4.576894,1
1,32,67108864,16,4.798599,1
1,64,67108864,16,5.991937,1
