trial,threads,n,num_bins,elapsed_sec,correct
1,1,67108864,1024,1.768546,1
1,2,67108864,1024,2.113310,1
1,4,67108864,1024,1.396628,1
1,8,67108864,1024,0.846515,1
1,16,67108864,1024,0.573833,1
1,32,67108864,1024,0.549945,1
1,64,67108864,1024,0.674420,1
