threads,region_avg_sec_mean,region_avg_sec_std,region_avg_sec_min,region_avg_sec_max,barrier_avg_sec_mean,barrier_avg_sec_std,barrier_avg_sec_min,barrier_avg_sec_max,atomic_avg_sec_per_increment_mean,atomic_avg_sec_per_increment_std,atomic_avg_sec_per_increment_min,atomic_avg_sec_per_increment_max
1,0.0,0.0,0.0,0.0,1.8864e-06,7.991745741701264e-08,1.772e-06,1.944e-06,2.34e-08,8.944271909999146e-10,2.3e-08,2.5e-08
2,0.0,0.0,0.0,0.0,1.9925999999999998e-06,1.1480418110852947e-08,1.976e-06,2.008e-06,8.4e-08,0.0,8.4e-08,8.4e-08
4,0.0,0.0,0.0,0.0,1.9892e-06,7.328028384224349e-09,1.981e-06,1.999e-06,8.199999999999999e-08,7.071067811865501e-10,8.1e-08,8.3e-08
8,0.0,0.0,0.0,0.0,2.4647999999999997e-06,3.164896522795022e-07,2.057e-06,2.883e-06,8.100000000000001e-08,4.472135954999579e-09,7.4e-08,8.6e-08
16,0.0,0.0,0.0,0.0,4.382599999999999e-06,1.5296829736909515e-07,4.227e-06,4.561e-06,9.96e-08,2.7018512172212594e-09,9.5e-08,1.02e-07
32,0.0,0.0,0.0,0.0,8.7656e-06,2.1532370979527474e-07,8.586e-06,9.134e-06,9.280000000000001e-08,1.643167672515501e-09,9.1e-08,9.5e-08
